No_,Name,ALIAS,CNAE,CNAE,Convenios iniciados 2016,Practicascurriculares2016,Practicasextracurriculares,Selecciones2016Empleootrabajo,Ingresos2016
EMP004829,"1NE Ibérica Facility Services Group, S.A.","1NE IBÉRICA FACILITY SERVICES GROUP, S.A.",Otras actividades de consultoría de gestión empresarial,7022,1,1,0,,
EMP004828,2-B Energy Holding,2-B ENERGY HOLDING,"Fabricación de motores, generadores y transformadores eléctricos",2711,1,0,1,,
EMP000604,"Abelan San Andrés, S.L.","ABELAN SAN ANDRÉS, S.L.",Fabricación de papel y cartón,1712,1,0,1,,11647.26
EMP000454,"Acciona Energía, S.A.",CEHN,Producción de energía eléctrica de otros tipos,3519,3,0,3,,4249.75
EMP001996,"Acciona Windpower, S.A.","ACCIONA WINDPOWER, S.A.","Fabricación de motores, generadores y transformadores eléctricos",2711,3,0,3,,14304.91
EMP001593,"Aceros Moldeados de Lacunza, S.A.","AML, S.A.",Fundición de acero,2452,1,1,0,1,393.25
EMP003199,"Adiaundis, S.L.","ADIAUNDIS, S.L.",Transporte de mercancías por carretera,4941,3,1,2,1,4613.43
EMP004183,"Adidas España, S.A.U.","ADIDAS ESPAÑA, S.A.U.",Comercio al por mayor de prendas de vestir y calzado,4642,1,0,1,,785.29
EMP000066,"Aditrans, S.L.",ADITRANS,Transporte de mercancías por carretera,4941,1,0,1,,8443.41
EMP004738,"ADMILAC Servicios Profesionales, S.L.","ADMILAC SERVICIOS PROFESIONALES, S.L.",Otras actividades de consultoría de gestión empresarial,7022,,0,0,1,598.95
EMP004810,"AE Asesores de Empresas, S.L.","AE ASESORES DE EMPRESAS, S.L.","Actividades de contabilidad, teneduría de libros, auditoría y asesoría fiscal",6920,1,0,1,,393.25
EMP001927,"Agrícola Sakana, S.L.","AGRÍCOLA SAKANA, S.L.",Fabricación de maquinaria agraria y forestal,2830,1,0,1,,1331.97
EMP003784,"AKT Plásticos, S.L.","AKT PLÁSTICOS, S.L.","Fabricación de otros componentes, piezas y accesorios para vehículos de motor",2932,29,0,29,,186536.38
EMP004925,"Álamo Consulting, S.L.","ÁLAMO CONSULTING, S.L.",Otros servicios relacionados con las tecnologías de la información y la informática,6209,,0,0,1,
EMP002800,"Alba Renova, S.L.","ALBA RENOVA, S.L.",Servicios técnicos de ingeniería y otras actividades relacionadas con el asesoramiento técnico,7112,4,0,4,,15077.26
PRO000540,Alberto Aguado Ortega,DOBLE A,Otras actividades de consultoría de gestión empresarial,7022,1,1,0,,393.25
ORG000559,Alcer Navarra,ALCER NAVARRA,"Regulación de las actividades sanitarias, educativas y culturales y otros servicios sociales, excepto Seguridad Social",8412,2,2,0,,
EMP004757,"Aldakin Automation, S.L.","ALDAKIN AUTOMATION, S.L.",Comercio al por mayor de otra maquinaria y equipo,4666,2,0,2,,15444.63
EMP000056,"Aldakin, S.L.",ALDAKIN,Instalaciones eléctricas,4321,4,0,4,,14186.95
EMP002954,"Alestis Consulting, S.L.",ALESTIS GEOACTIO,Servicios técnicos de ingeniería y otras actividades relacionadas con el asesoramiento técnico,7112,3,1,2,,31061.53
EMP004858,"Allintex Acabados Textiles, S.L.L.","ALLINTEX ACABADOS TEXTILES, S.L.L.",Acabado de textiles,1330,1,0,1,,10699.41
EMP000069,"Alquibalat, S.L.","ALQUIBALAT, S.L.","Alquiler de otra maquinaria, equipos y bienes tangibles n.c.o.p.",7739,,0,0,1,1203.95
EMP002080,"Amma Navarra, S.L.U.","AMMA NAVARRA, S.L.U.",Asistencia en establecimientos residenciales para personas mayores,8731,2,2,0,,
EMP004049,"AN Avícola Mélida, S.L.","AN AVÍCOLA MÉLIDA, S.L.",Procesado y conservación de volatería,1012,3,0,3,,26026.98
EMP004219,"Anteral, S.L.","ANTERAL, S.L.",Actividades de investigación,8030,2,2,0,,786.50
EMP004859,"AOT Developments, S.L.","AOT DEVELOPMENTS, S.L.",Fabricación de instrumentos y suministros médicos y odontológicos,3250,1,0,1,,3795.93
EMP000093,"Aperitivos y Extrusionados, S.A.",ASPIL,Elaboración de otros productos alimenticios n.c.o.p.,1089,2,1,1,,4577.46
EMP000099,Aquila S.L. Consultores de Gestión Empresarial,AQUILA S.L. CONSULTORES DE GESTIÓN EMPRESARIAL,Otras actividades de consultoría de gestión empresarial,7022,1,1,0,1,393.25
EMP004377,"Arcelor Mittal Construcción España, S.L.","AM CONSTRUCCIÓN ESPAÑA, S.L.",Fabricación de estructuras metálicas y sus componentes,2511,5,2,3,,20558.04
EMP004565,"Ardo Foods, S.L.U.","ARDO FOODS, S.L.U.",Depósito y almacenamiento,5210,1,0,1,,1534.21
EMP002494,"Aresse Engineering, S.L.","ARESSE ENGINEERING, S.L.","Otras actividades profesionales, científicas y técnicas n.c.o.p.",7490,1,1,0,,2326.50
EMP000001,"Arpa A&C, S.L.",ARPA,Actividades jurídicas,6910,9,0,9,,35611.32
EMP004402,"Arpa Accounting, S.L.","ARPA ACCOUNTING, S.L.","Actividades de contabilidad, teneduría de libros, auditoría y asesoría fiscal",6920,4,1,3,,13046.37
EMP004518,Arpide Chamizo Diego y Leza Fernández Isabel,DINABI,Ingeniería mecánica por cuenta de terceros,2562,2,1,1,,1226.50
EMP004830,"Artadi Alimentación, S.L.","ARTADI ALIMENTACIÓN, S.L.",Fabricación de pan y de productos frescos de panadería y pastelería,1071,1,0,1,,393.25
EMP003147,"Asesoría la Vaguada, S.L.","ASESORÍA LA VAGUADA, S.L.","Actividades de contabilidad, teneduría de libros, auditoría y asesoría fiscal",6920,1,0,1,,2275.28
EMP001568,"Asesoría Navarra de Gestión Empresarial, S.L.",ANADE CONSULTORES,"Actividades de contabilidad, teneduría de libros, auditoría y asesoría fiscal",6920,2,0,2,,11931.26
EMP002793,"Asesoría Tilos, S.L.",ASER SL,"Actividades de contabilidad, teneduría de libros, auditoría y asesoría fiscal",6920,2,1,1,,8707.22
EMP004510,"Asistencia Municipal en Casa, S.A.",ASIMEC,Otras actividades sanitarias,8690,1,1,0,,
ORG000236,Asociación Aldezar Elkartea,ALDEZAR,Otras actividades asociativas n.c.o.p.,9499,1,1,0,,
ORG000495,Asociación Coordinadora de Personas,ACODIFNA,Actividades de servicios sociales sin alojamiento para  personas con discapacidad,8812,1,1,0,,
ORG000488,Asociación de Ayuda a Niños con Cáncer de Navarra,ADANO,Otras actividades asociativas n.c.o.p.,9499,2,1,1,,1623.73
ORG000029,Asociación de Consumidores de Navarra Irache,IRACHE,Otras actividades asociativas n.c.o.p.,9499,3,0,3,,35335.07
ORG000501,Asociación de Daño Cerebral de Navarra,ADACEN,Otras actividades asociativas n.c.o.p.,9499,2,1,1,,
ORG000532,Asociación de Esclerosis Múltiple de Navarra,ADEMNA,Otras actividades asociativas n.c.o.p.,9499,1,1,0,,158.76
ORG000503,"Asociación de Fibromialgia, Síndrome de Fatiga",AFINA,Otras actividades asociativas n.c.o.p.,9499,1,1,0,,
ORG000556,Asociación de Gitanos de Navarra La Majarí,ASOCIACIÓN DE GITANOS DE NAVARRA LA MAJARÍ,Otras actividades asociativas n.c.o.p.,9499,1,1,0,,
ORG000011,Asociación de Industria de Navarra,AIN,Otras actividades de consultoría de gestión empresarial,7022,2,0,2,,20200.03
ORG000534,Asociación Dianova España,ASOCIACIÓN DIANOVA ESPAÑA,Otras actividades asociativas n.c.o.p.,9499,1,1,0,,
ORG000453,Asociación Eunate de Familias de Personas,EUNATE,Otras actividades asociativas n.c.o.p.,9499,1,1,0,,
ORG000165,Asociación Hegoak Elkartea,ASOCIACIÓN HEGOAK ELKARTEA,Otras actividades asociativas n.c.o.p.,9499,2,2,0,,
ORG000490,Asociación Itxaropen Gune - Lugar de Esperanza,AIGLE,Otras actividades asociativas n.c.o.p.,9499,1,1,0,,
ORG000555,Asociación Juvenil Yoar,ASOCIACIÓN JUVENIL YOAR,Otras actividades asociativas n.c.o.p.,9499,1,1,0,,
ORG000523,Asociación Lantxotegi Elkartea,ASOCIACIÓN LANTXOTEGI ELKARTEA,Otra educación n.c.o.p.,8559,3,3,0,,0.00
ORG000549,Asociación Mugarik Gabe Nafarroa,ASOCIACIÓN MUGARIK GABE NAFARROA,Otras actividades de apoyo a las empresas n.c.o.p.,8299,1,1,0,,
ORG000173,Asociación Navarra de Cáncer de Mama,SARAY,Otras actividades sanitarias,8690,1,1,0,,
ORG000035,Asociación Navarra de Empresas Laborales,ANEL,Otras actividades asociativas n.c.o.p.,9499,1,0,1,,2773.97
ORG000019,"Asociación Navarra de Informática Municipal, S.A.",ANIMSA,Actividades de consultoría informática,6202,2,0,2,,12395.94
ORG000021,Asociación Navarra de Parkinson,ANAPAR,Otras actividades asociativas n.c.o.p.,9499,1,1,0,,
ORG000298,Asociación Navarra de Talleres de Reparación,ASOCIACIÓN.  NAV.TALLERES REPA,Actividades de organizaciones empresariales y patronales,9411,,0,0,1,
ORG000592,Asociación Navarra en Favor de las Personas con,ANFAS,Actividades de servicios sociales sin alojamiento para  personas con discapacidad,8812,1,1,0,,
ORG000022,Asociación Navarra Nuevo Futuro,ASOCIACIÓN NAVARRA NUEVO FUTURO,Otras actividades de asistencia en establecimientos residenciales,8790,2,2,0,,
ORG000533,Asociación Navarra para la Formación y el Empleo,ANAFE,Actividades de organizaciones políticas,9492,1,1,0,,
ORG000261,"Asociación Navarra para la Investigación,",ANTOX,Otras actividades sanitarias,8690,1,1,0,,
ORG000023,Asociación Navarra Sin Fronteras,SIN FRONTERAS,Otras actividades asociativas n.c.o.p.,9499,2,2,0,,
ORG000548,Asociación Sare,SARE,Otras actividades de servicios sociales sin alojamiento n.c.o.p.,8899,1,1,0,,
ORG000543,Asociación SEI,ASOCIACIÓN SEI,Otras actividades de apoyo a las empresas n.c.o.p.,8299,4,2,2,,1212.81
ORG000563,Asociación Síndrome de Down de Navarra,ASOCIACIÓN SÍNDROME DE DOWN DE NAVARRA,"Regulación de las actividades sanitarias, educativas y culturales y otros servicios sociales, excepto Seguridad Social",8412,1,1,0,,
ORG000496,Asociación Socio-Educativa Etxabakoitz Bizirik,ASOCIACIÓN SOCIO-EDUCATIVA ETXABAKOITZ BIZIRIK,Otras actividades asociativas n.c.o.p.,9499,1,1,0,,
ORG000529,Asociación Umetxea-Sanduzelai,ASOCIACIÓN UMETXEA-SANDUZELAI,Otra educación n.c.o.p.,8559,2,2,0,,
ORG000300,Asociación Urtxintxa- San,ASOCIACIÓN URTXINTXA- SAN,Otras actividades asociativas n.c.o.p.,9499,,0,0,1,0.00
EMP003956,"Asur Crédito, S.L.","ASUR CRÉDITO, S.L.",Otras actividades de consultoría de gestión empresarial,7022,2,0,2,,17798.82
EMP002268,"Automatizaciones Lamuce, S.L.","AUTOMATIZACIONES LAMUCE, S.L.",Fabricación de maquinas herramienta para trabajar el metal,2841,4,2,2,,7027.68
EMP002968,"Automatizaciones Simac, S.L.",SIMAC,Fabricación de maquinas herramienta para trabajar el metal,2841,,0,0,1,
EMP004220,"Automoción Sostenible T+C, S.L.","AUTOMOCIÓN SOSTENIBLE T+C, S.L.","Fabricación de otros componentes, piezas y accesorios para vehículos de motor",2932,1,1,0,,393.25
EMP004137,AutoVision Servicios Sucursal en España,AUTOVISION SERVICIOS SUCURSAL EN ESPAÑA,Servicios técnicos de ingeniería y otras actividades relacionadas con el asesoramiento técnico,7112,1,0,1,,8177.36
EMP002001,"Avanvida, S.L.","AVANVIDA, S.L.",Actividades de servicios sociales sin alojamiento para  personas mayores,8811,3,3,0,,
EMP004863,"Avis Budget Group Contact Centre Emea, S.A.","AVIS BUDGET GROUP CONTACT CENTRE EMEA, S.A.","Proceso de datos, hosting y actividades relacionadas",6311,1,0,1,,1097.29
INS000296,Ayuntamiento de Azagra,AYUNTAMIENTO DE AZAGRA,Actividades generales de la Administración Pública,8411,1,0,1,,3684.16
INS000075,Ayuntamiento de Barañáin,AYUNTAMIENTO DE BARAÑÁIN,Actividades generales de la Administración Pública,8411,1,1,0,,
INS000131,Ayuntamiento de Estella,AYUNTAMIENTO DE ESTELLA,Actividades generales de la Administración Pública,8411,1,1,0,,
EMP004063,Ayuntamiento de Funes,AYUNTAMIENTO DE FUNES,Actividades generales de la Administración Pública,8411,2,0,2,,12783.14
INS000309,Ayuntamiento de Legorreta,AYUNTAMIENTO DE LEGORRETA,Actividades generales de la Administración Pública,8411,1,0,1,,393.25
INS000176,Ayuntamiento de Noain-Valle de Elorz,AYUNTAMIENTO DE NOAIN-VALLE DE ELORZ,Actividades generales de la Administración Pública,8411,1,0,1,,11264.17
INS000281,Ayuntamiento de Orkoien,AYUNTAMIENTO DE ORKOIEN,Actividades generales de la Administración Pública,8411,2,1,1,,2042.25
INS000063,Ayuntamiento de Pamplona,AYUNTAMIENTO DE PAMPLONA,Actividades generales de la Administración Pública,8411,6,6,0,,
INS000020,Ayuntamiento de Tafalla,AYUNTAMIENTO DE TAFALLA,Actividades generales de la Administración Pública,8411,1,1,0,,80.75
INS000287,Ayuntamiento de Zizur Mayor,AYUNTAMIENTO DE ZIZUR MAYOR,Actividades generales de la Administración Pública,8411,1,1,0,,
INS000270,Ayuntamiento del Valle de Egües,AYUNTAMIENTO DEL VALLE DE EGÜES,Actividades generales de la Administración Pública,8411,1,1,0,,80.75
EMP004245,"AZ Metrology Services, S.L.L.","AZ METROLOGY SERVICES, S.L.L.",Ingeniería mecánica por cuenta de terceros,2562,1,1,0,,2973.25
EMP002265,"Azkoyen, S.A.","AZKOYEN, S.A.",Comercio al por mayor de otra maquinaria y equipo,4666,20,9,11,,89399.80
EMP000177,"Banco Bilbao Vizcaya Argentaria, S.A.",BBVA,Otra intermediación monetaria,6419,3,0,3,,12959.71
EMP004474,Barrenetxe S. Coop.,BARRENETXE S. COOP.,"Cultivo de hortalizas, raíces y tubérculos",113,,0,0,1,278.30
EMP001151,"BDO Quota Auditores, S.L.","BDO QUOTA AUDITORES, S.L.","Actividades de contabilidad, teneduría de libros, auditoría y asesoría fiscal",6920,3,0,3,,20567.96
EMP002805,"Behar Consultores, S.L.L.","BEHAR CONSULTORES, S.L.L.","Actividades de contabilidad, teneduría de libros, auditoría y asesoría fiscal",6920,1,0,1,,11894.86
EMP003951,"Berlys Corporación Alimentaria, S.A.U.",BERLYS  HORNO ARTESANO,Fabricación de pan y de productos frescos de panadería y pastelería,1071,2,0,2,,4722.02
EMP002734,"Biko2 2006, S.L.","BIKO2 2006, S.L.",Actividades de consultoría informática,6202,1,1,0,,7082.64
EMP004743,"Bildu Lan, Maquinaria Especial y Automatización,","BILDU LAN, MAQUINARIA ESPECIAL Y AUTOMATIZACIÓN,",Fabricación de maquinaria para la industria metalúrgica,2891,1,1,0,,1623.25
EMP000202,"Bodega San Martín, S. Coop.","BODEGA SAN MARTÍN, S. COOP.",Elaboración de vinos,1102,2,0,2,,5636.46
EMP000210,"Bodegas Piedemonte, S. Coop.","BODEGAS PIEDEMONTE, S. COOP.",Elaboración de vinos,1102,2,0,2,,5828.67
EMP004244,"BPM & SOA Solutions Architecs, S.L.","BPM & SOA SOLUTIONS ARCHITECS, S.L.",Actividades de consultoría informática,6202,1,1,0,,4048.25
EMP003588,"Brandok Comunicación, S.L.",(BRANDOK COMUNICATE),Servicios de representación de medios de comunicación,7312,2,0,2,,15632.90
EMP000227,"BSH Electrodomésticos España, S.A.","BSH ELECTRODOMÉSTICOS ESPAÑA, S.A.",Fabricación de electrodomésticos,2751,23,0,23,,95210.11
EMP004837,"BSK Legal & Fiscal Asociados, S.L.P.U.","BSK LEGAL & FISCAL ASOCIADOS, S.L.P.U.",Actividades jurídicas,6910,7,4,3,3,3536.83
EMP003398,"C. Soluciones Empresariales Valle del Ebro, S.L.U.","C. SOLUCIONES EMPRESARIALES VALLE DEL EBRO, S.L.U.",Otras actividades de consultoría de gestión empresarial,7022,2,1,1,,10633.52
EMP001602,"Cabelte Incasa, Industria Navarra de Cables, SAU",CABELTE INCASA,Fabricación de otros hilos y cables electrónicos y eléctricos,2732,,0,0,1,1203.95
EMP004845,"Cafés Plaza del Castillo, S.L.","CAFÉS PLAZA DEL CASTILLO, S.L.","Elaboración de café, té e infusiones",1083,1,0,1,,393.25
EMP004078,Caja Laboral Popular Coop. de Crédito,LABORAL KUTXA,Otra intermediación monetaria,6419,6,0,6,,11441.53
EMP000244,"Caja Rural de Navarra, S.C.C.",CAJA RURAL DE NAVARRA,Otra intermediación monetaria,6419,74,5,69,1,187859.66
EMP000246,"Calderería del Norte, S.L.",CALDENOR,Fabricación de estructuras metálicas y sus componentes,2511,,0,0,1,
ORG000248,Cámara de Comercio Polaco-Española,CÁMARA DE COMERCIO POLACO-ESPAÑOLA,Actividades de organizaciones empresariales y patronales,9411,1,0,1,,
ORG000046,Cámara Navarra de Comercio e Industria,CÁMARA NAVARRA DE COMERCIO E INDUSTRIA,Actividades de organizaciones empresariales y patronales,9411,1,0,1,,
ORG000403,Cáritas Diocesana de Pamplona-Tudela,CÁRITAS DIOCESANA DE PAMPLONA-TUDELA,Otras actividades de servicios sociales sin alojamiento n.c.o.p.,8899,5,5,0,,
EMP001688,"Cárnicas Iruña Velasco, S.A.","CÁRNICAS IRUÑA VELASCO, S.A.",Procesado y conservación de carne,1011,1,0,1,,11605.31
EMP004882,"Cárnicas Lizan, S.L.","CÁRNICAS LIZAN, S.L.",Procesado y conservación de carne,1011,1,0,1,,4187.97
EMP003288,"Carrocerías Ega, S.L.","CARROCERÍAS EGA, S.L.",Fabricación de carrocerías para vehículos de motor; fabricación de remolques y semirremolques,2920,,0,0,1,
ORG000306,Casa Misericordia de Pamplona,CASA MISERICORDIA DE PAMPLONA,Asistencia en establecimientos residenciales para personas mayores,8731,1,1,0,,
EMP001503,"Cebi Electromechanical Components Spain, S.A.","CEBI ELECTROMECHANICAL COMPONENTS SPAIN, S.A.","Fabricación de otros componentes, piezas y accesorios para vehículos de motor",2932,,0,0,2,556.60
PRO001570,Cecilia Wolluschek Perri,CW CONSULTING,Estudios de mercado y realización de encuestas de opinión pública,7320,2,0,2,,8501.70
ORG000079,Ceit (Centro tecnológico Ceit-IK4),CEIT,Ensayos y análisis técnicos,7120,1,0,1,,
EMP004861,"Centex Agrícola Ganadera, S. Coop.","CENTEX AGRÍCOLA GANADERA, S. COOP.",Comercio al por mayor de frutas y hortalizas,4631,1,0,1,,5987.97
EMP004836,Central Laboratory,CENTRAL LABORATORY,Ensayos y análisis técnicos,7120,1,0,1,,
INS000310,Centro de Investigaciones Energéticas,CIEMAT,Actividades de investigación,8030,1,0,1,,
ORG000172,Centro Nacional de Tecnología y,CNTA,Investigación y desarrollo experimental en biotecnología,7211,1,0,1,,447.25
EMP001012,"Cerámicas Navagres, S.A.","CERÁMICAS NAVAGRES, S.A.",Revestimiento de suelos y paredes,4333,1,1,0,,393.25
EMP004817,"Cerelia Index, S.L.","CERELIA INDEX, S.L.",Otras actividades de consultoría de gestión empresarial,7022,1,0,1,,10099.41
EMP000284,"CIES, S.L.","CIES, S.L.",Estudios de mercado y realización de encuestas de opinión pública,7320,1,0,1,,
EMP004709,Cikautxo SK,CIKAUTXO SK,"Fabricación de otros componentes, piezas y accesorios para vehículos de motor",2932,2,2,0,,
EMP001566,"Cima Nuevas Tecnologías Informáticas, S.L.U.","CIMA NUEVAS TECNOLOGÍAS INFORMÁTICAS, S.L.U.","Otras actividades profesionales, científicas y técnicas n.c.o.p.",7490,1,0,1,,8777.36
EMP004877,Cinfa Biotech S.L.,CINFA BIOTECH S.L.,Fabricación de especialidades farmacéuticas,2120,1,0,1,,6887.97
EMP004448,"Clean Water Ingeniería, S.L.","CLEAN WATER INGENIERÍA, S.L.",Servicios técnicos de ingeniería y otras actividades relacionadas con el asesoramiento técnico,7112,1,1,0,,393.25
ORG000576,Clínica Psiquiátrica Padre Menni,CLÍNICA PSIQUIÁTRICA PADRE MENNI,Actividades de servicios sociales sin alojamiento para  personas mayores,8811,2,2,0,,
EMP001563,"Clínica San Miguel, S.A.","CLÍNICA SAN MIGUEL, S.A.",Actividades hospitalarias,8610,3,1,2,,3117.19
EMP001627,Club Natación Pamplona,CLUB NATACIÓN PAMPLONA,Actividades de los clubes deportivos,9312,1,0,1,,1684.21
EMP004834,"CNAI, Centro Neurológico de Atención Integral","CNAI, CENTRO NEUROLÓGICO DE ATENCIÓN INTEGRAL",Otras actividades sanitarias,8690,2,0,2,,20198.82
ORG000500,Cocemfe Navarra,COCEMFE NAVARRA,"Regulación de las actividades sanitarias, educativas y culturales y otros servicios sociales, excepto Seguridad Social",8412,1,1,0,,
EMP004897,"Cofely, S.A.","COFELY, S.A.",Servicios integrales a edificios e instalaciones,8110,2,0,2,,1726.58
ORG000157,Colegio Oficial de Ingenieros Industriales,COIINA,Actividades de organizaciones profesionales,9412,3,0,3,,22572.00
EMP004633,"Comantur, S.L.","COMANTUR, S.L.",Reparación de maquinaria,3312,1,1,0,,1159.92
EMP004759,"Comercial Pacona 2014, S.L.","COMERCIAL PACONA 2014, S.L.","Comercio al por mayor, no especializado, de productos alimenticios, bebidas y tabaco",4639,2,0,2,,7670.88
EMP002225,"Comercial Señorío de Sarría, S.A.","COMERCIAL SEÑORÍO DE SARRÍA, S.A.",Otro comercio al por menor de productos alimenticios en establecimientos especializados,4729,2,1,1,,786.50
EMP000316,"Complementos de Piensos Compuestos, S.A.","CPC FEED COMPLEMENTOS DE PIENSOS COMPUESTOS, S.A.",Fabricación de productos para la alimentación de animales de granja,1091,2,0,2,,4188.64
EMP000317,"Computadores Navarra, S.A.",CONASA,Actividades de consultoría informática,6202,3,2,1,,5095.47
ORG000067,Confederación de Empresarios de Navarra,CEN,Otras actividades asociativas n.c.o.p.,9499,,0,0,1,
EMP000325,"Congelados Navarra, S.A.","CONGELADOS NAVARRA, S.A.",Actividades de apoyo a la agricultura,161,2,0,2,,10227.21
INS000150,Consejo de la Juventud de Navarra,CONSEJO DE LA JUVENTUD DE NAVARRA,Otras actividades recreativas y de entretenimiento,9329,2,2,0,,
EMP000336,"Construcciones ACR, S.A.","CONSTRUCCIONES ACR, S.A.",Construcción de edificios residenciales,4121,2,1,1,,9377.36
EMP000601,"Consultores Grupo Delta Pamplona, S.L.",DELTA CONSULTORES,Otras actividades de consultoría de gestión empresarial,7022,3,0,3,,4883.61
EMP000347,Consultoría y Comunicaciones de Navarra S.L.,CYC,Actividades de programación informática,163,1,0,1,,12799.41
EMP004732,Cooperativa Agrícola Caja Rural de Artajona,COOPERATIVA AGRÍCOLA CAJA RURAL DE ARTAJONA,"Comercio al por mayor de cereales, tabaco en rama, simientes y alimentos para animales",4621,1,1,0,,393.25
EMP002219,"Cooperativa Farmacéutica Navarra, Nafarco","COOPERATIVA FARMACÉUTICA NAVARRA, NAFARCO",Comercio al por mayor de productos farmacéuticos,4646,1,1,0,1,1393.25
ORG000491,Coordinadora de ONGD de Navarra,COORDINADORA DE ONGD DE NAVARRA,Otras actividades asociativas n.c.o.p.,9499,2,2,0,,
EMP001798,"Creaciones Falcón, S.L.",MOBEDUC,Fabricación de otros muebles,3109,1,0,1,,13664.17
INS000151,Cruz Roja Española en Navarra,CRUZ ROJA ESPAÑOLA EN NAVARRA,Otras actividades de servicios sociales sin alojamiento n.c.o.p.,8899,4,4,0,,
EMP004724,"Cuatrecasas Goncalves Pereira, S.L.P.","CUATRECASAS GONCALVES PEREIRA, S.L.P.",Actividades jurídicas,6910,4,3,1,,8998.98
EMP000376,"Dana Automoción, S.A.","DANA AUTOMOCIÓN, S.A.","Fabricación de otros componentes, piezas y accesorios para vehículos de motor",2932,2,1,1,,7633.61
EMP004893,"Das-Nano, S.L.","DAS-NANO, S.L.",Fabricación de otros productos químicos n.c.o.p.,2059,3,0,3,,14051.91
INS000041,Defensor del Pueblo de Navarra,DEFENSOR DEL PUEBLO DE NAVARRA,Actividades generales de la Administración Pública,8411,4,0,4,,33984.87
EMP000083,"Deloitte, S.L.","DELOITTE, S.L.","Actividades de contabilidad, teneduría de libros, auditoría y asesoría fiscal",6920,1,0,1,,1180.75
EMP000382,"Delphi Packard España, S.L.U.","DELPHI PACKARD ESPAÑA, S.L.U.",Fabricación de equipos eléctricos y electrónicos para vehículos de motor,2931,1,1,0,,9675.26
EMP002033,"Deutsche Bank, S.A.E.","DEUTSCHE BANK, S.A.E.",Otra intermediación monetaria,6419,1,0,1,,3250.06
EMP004280,"Diario de Navarra Digital, S.L.","DIARIO DE NAVARRA DIGITAL, S.L.",Edición de periódicos,5813,1,0,1,,15792.80
EMP000386,"Diario de Navarra, S.A.","DIARIO DE NAVARRA, S.A.",Impresión de periódicos,1811,5,3,2,,1573.00
INS000285,Dirección General de Comercio Internacional e,DIRECCIÓN GENERAL DE COMERCIO INTERNACIONAL E,Asuntos exteriores,8421,5,0,5,,0.00
EMP003811,"Disbaor, S.A.","DISBAOR, S.A.","Comercio al por mayor de ferretería, fontanería y calefacción",4674,2,1,1,,6220.98
EMP002931,"Distribuidora de Gases Iruña, S.L.","DISTRIBUIDORA DE GASES IRUÑA, S.L.",Transporte de mercancías por carretera,4941,,0,0,1,1203.95
EMP002724,"Ecoauto Servicios Integrales, S.L.",ECOAUTO,"Otras actividades profesionales, científicas y técnicas n.c.o.p.",7490,1,1,0,,786.50
EMP000418,"Editorial Aranzadi, S.A.","EDITORIAL ARANZADI, S.A.",Edición de libros,5811,7,1,6,,64932.16
EMP002356,"EDS Ingeniería y Montajes, S.A.","EDS INGENIERÍA Y MONTAJES, S.A.",Instalaciones eléctricas,4321,1,0,1,,1592.92
EMP003131,"Eduardo Albéniz, S.A.","EDUARDO ALBÉNIZ, S.A.",Otras actividades de impresión y artes gráficas,1812,1,0,1,,4631.97
EMP003975,"Eggnovo, S.L.","EGGNOVO, S.L.",Actividades de descontaminación y otros servicios de gestión de residuos,3900,2,1,1,,393.25
EMP000424,"Eisenor, S.A.","EISENOR, S.A.",Producción de perfiles en frío por conformación con plegado,2433,1,1,0,,393.25
EMP004814,"Ekinbe, S.L.","EKINBE, S.L.",Actividades de programación informática,163,2,2,0,,3629.84
EMP004680,"Ekiser Grupo Empresarial, S.L.","EKISER GRUPO EMPRESARIAL, S.L.",Gestión y administración de la propiedad inmobiliaria,6832,1,0,1,,9194.86
EMP004475,"El Dromedario Records, S.L.U.","EL DROMEDARIO RECORDS, S.L.U.",Servicios de representación de medios de comunicación,7312,,0,0,1,
EMP002047,"Elecnor, S.A.","ELECNOR, S.A.",Construcción de redes eléctricas y de telecomunicaciones,4222,1,0,1,,393.25
EMP002436,"Electricidad Montargi, S.L.","ELECTRICIDAD MONTARGI, S.L.",Instalaciones eléctricas,4321,,0,0,1,
EMP003115,"Electrónica Falcón, S.A.","ELECTRÓNICA FALCÓN, S.A.",Fabricación de componentes electrónicos,2611,1,0,1,,1718.97
EMP002839,"Elkarkide, S.L.","ELKARKIDE, S.L.",Otros servicios relacionados con las tecnologías de la información y la informática,6209,2,2,0,,2820.00
EMP000441,"Embega, S.Coop.","EMBEGA, S.COOP.",Fabricación de otros productos metálicos n.c.o.p.,2599,3,2,1,,9239.23
EMP000443,"Embutidos Goikoa, S.A.","EMBUTIDOS GOIKOA, S.A.",Elaboración de productos cárnicos y de volatería,1013,1,0,1,,1498.97
EMP002866,"Energías Fotovoltaicas de Navarra, S.L.",FOTONA,Producción de energía eléctrica de otros tipos,3519,1,0,1,,393.25
EMP004900,Enerjoin S.L.,ENERJOIN S.L.,Intermediarios del comercio de productos diversos,4619,1,0,1,,2161.49
EMP003117,"Entecnia Consulting, S.L.","ENTECNIA CONSULTING, S.L.","Otras actividades profesionales, científicas y técnicas n.c.o.p.",7490,,0,0,3,-474.89
EMP004415,"Eo6 Ingeniería, S.L.P.","EO6 INGENIERÍA, S.L.P.",Servicios técnicos de ingeniería y otras actividades relacionadas con el asesoramiento técnico,7112,,0,0,1,278.30
EMP004803,"EOS Ingeniería, S.L.","EOS INGENIERÍA, S.L.",Producción de energía eléctrica de otros tipos,3519,2,0,2,,6702.18
EMP004484,"Eos Project Management, S.L.","EOS PROJECT MANAGEMENT, S.L.",Servicios técnicos de ingeniería y otras actividades relacionadas con el asesoramiento técnico,7112,5,2,3,,16053.14
EMP003574,"Eosol Energy, S.L.","EOSOL ENERGY, S.L.",Construcción de otros proyectos de ingeniería civil n.c.o.p.,4299,2,0,2,,10175.94
EMP000462,"Errioxa, S.L.","ERRIOXA, S.L.",Otras actividades de consultoría de gestión empresarial,7022,2,0,2,,7670.22
EMP004870,"Escaleras Aguerri, S.L.","ESCALERAS AGUERRI, S.L.",Fabricación de estructuras metálicas y sus componentes,2511,,0,0,1,278.30
EMP004720,"Escuela Tecnológica Creativa, S. MCoop.","ESCUELA TECNOLÓGICA CREATIVA, S. MCOOP.",Otra educación n.c.o.p.,8559,1,0,1,,0.00
EMP000472,"Estampaciones Mayo, S.A.","ESTAMPACIONES MAYO, S.A.","Fabricación de otros componentes, piezas y accesorios para vehículos de motor",2932,2,1,1,,8042.22
EMP000473,"Estampaciones Navarra, S.A.",ESNASA,"Forja, estampación y embutición de metales; metalurgia de polvos",2550,3,0,3,,28498.23
EMP002949,"Estudios de Ingeniería Adaptada, S.L.",EINA,Servicios técnicos de ingeniería y otras actividades relacionadas con el asesoramiento técnico,7112,,0,0,1,598.95
EMP000484,"Eulen, S.A.","EULEN, S.A.",Limpieza general de edificios,8121,1,0,1,,1763.01
EMP002095,Euskal Irrati Telebista,EITB,Actividades de programación y emisión de televisión,6020,1,0,1,,4172.93
EMP004071,Everis Belgium,EVERIS BELGIUM,Otros servicios relacionados con las tecnologías de la información y la informática,6209,4,3,1,,0.00
EMP004851,"Eversens, S.L.","EVERSENS, S.L.","Fabricación de instrumentos y aparatos de medida, verificación y navegación",2651,2,0,2,,2965.17
EMP002283,"Exposición y Conservación de Alimentos, S.A.",EXKAL,Fabricación de maquinaria de ventilación y refrigeración no doméstica,2825,12,4,8,2,75177.57
EMP003141,"Factor CO2 Integral Services, S.L.","FACTOR CO2 INTEGRAL SERVICES, S.L.",Otras actividades de consultoría de gestión empresarial,7022,1,0,1,,993.73
EMP002989,"Fagor Ederlan Tafalla, S.Coop.","FAGOR EDERLAN TAFALLA, S.COOP.",Fundición de hierro,2452,3,0,3,,14236.82
EMP004395,"Faurecia Automotive España, S.A.","FAURECIA AUTOMOTIVE ESPAÑA, S.A.","Fabricación de otros componentes, piezas y accesorios para vehículos de motor",2932,5,0,5,,41501.48
EMP002771,"Faurecia Emissions Control Technologies,","FAURECIA EMISSIONS CONTROL TECHNOLOGIES,","Fabricación de otros componentes, piezas y accesorios para vehículos de motor",2932,6,2,4,,54759.43
ORG000540,Federación Batean,FEDERACIÓN BATEAN,Educación cultural,8552,1,1,0,,
ORG000527,Federación de Entidades a Favor de las Personas,FEAPS NAVARRA,Otras actividades asociativas n.c.o.p.,9499,1,1,0,,
ORG000531,Federación SiñarZubi,FEDERACIÓN SIÑARZUBI,Otra educación n.c.o.p.,8559,1,1,0,,
EMP004846,"Fico Mirrors, S.A.","FICO MIRRORS, S.A.","Fabricación de otros componentes, piezas y accesorios para vehículos de motor",2932,2,0,2,,1412.22
EMP002462,Fincared 1 SL,FINCARED 1 SL,Promoción inmobiliaria,4110,,0,0,1,
EMP002296,"Fincas Martín Sanz, S.L.","FINCAS MARTÍN SANZ, S.L.",Servicios integrales a edificios e instalaciones,8110,1,1,0,,1167.25
EMP003601,"Findus España, S.L.U.","FINDUS ESPAÑA, S.L.U.",Comercio al por mayor de frutas y hortalizas,4631,5,0,5,,30235.61
EMP001096,"Florette Agrícola, S.L.","FLORETTE AGRÍCOLA, S.L.",Comercio al por mayor de frutas y hortalizas,4631,2,1,1,,1696.98
EMP003249,"Florette Ibérica, S.L.","FLORETTE IBÉRICA, S.L.",Otro procesado y conservación de frutas y hortalizas,1039,6,1,5,,17028.01
EMP000519,"Fluitecnik, S.A.","FLUITECNIK, S.A.",Fabricación de maquinaria para la industria metalúrgica,2891,1,0,1,,10699.41
EMP002299,"Fomento de Construcciones y Contratas, S.A.","FCC FOMENTO DE CONSTRUCCIONES Y CONTRATAS, S.A.",Recogida de residuos no peligrosos,3811,1,0,1,,5245.63
EMP000534,"Frenos Iruña, S.A.L.","FRENOS IRUÑA, S.A.L.","Fabricación de otros componentes, piezas y accesorios para vehículos de motor",2932,4,1,3,,18596.92
EMP004843,"Freshfields Bruckhaus Deringer, LLP","FRESHFIELDS BRUCKHAUS DERINGER, LLP",Actividades jurídicas,6910,1,0,1,,393.25
ORG000240,Fundación Arfe Felipe Lecea,FUNDACIÓN ARFE FELIPE LECEA,Asistencia en establecimientos residenciales para personas mayores,8731,1,1,0,,
EMP002450,Fundación Aspace Navarra Residencial,FUNDACIÓN ASPACE NAVARRA RESIDENCIAL,Actividades de servicios sociales sin alojamiento para  personas mayores,8811,2,2,0,,
ORG000177,Fundación Cener-Ciemat,CENER,Otra investigación y desarrollo experimental en ciencias naturales y técnicas,7219,11,7,4,,21560.20
ORG000486,Fundación Centro de Tecnologías de Interacción,VICOMTECH,Investigación y desarrollo experimental en biotecnología,7211,1,0,1,,13390.93
ORG000410,Fundación Ciganda Ferrer,FUNDACIÓN CIGANDA FERRER,Educación primaria,8520,1,1,0,,600.00
ORG000417,Fundación Elkarte,FUNDACIÓN ELKARTE,Otras actividades asociativas n.c.o.p.,9499,1,1,0,,
ORG000369,Fundacion Fundagro,FUNDACION FUNDAGRO,Otras actividades de consultoría de gestión empresarial,7022,2,0,2,,7845.60
ORG000504,Fundación Gizakia Herritar,FUNDACIÓN GIZAKIA HERRITAR,Otras actividades asociativas n.c.o.p.,9499,1,1,0,,
ORG000524,Fundación Ilundain Haritz Berri,FUNDACIÓN ILUNDAIN HARITZ BERRI,Otra educación n.c.o.p.,8559,1,1,0,,
ORG000493,Fundación Itaka-Escolapios,FUNDACIÓN ITAKA-ESCOLAPIOS,Educación cultural,8552,2,2,0,,
ORG000561,Fundación Profesionales Solidarios,FUNDACIÓN PROFESIONALES SOLIDARIOS,Otras actividades de servicios sociales sin alojamiento n.c.o.p.,8899,1,1,0,,
ORG000550,Fundación Proyecto Hombre Navarra,FUNDACIÓN PROYECTO HOMBRE NAVARRA,Otras actividades asociativas n.c.o.p.,9499,1,1,0,,
ORG000574,Fundación San Cernin,FUNDACIÓN SAN CERNIN,Otras actividades asociativas n.c.o.p.,9499,1,0,1,,3015.17
ORG000289,Fundacion Santa Lucía ADSIS,FUNDACION SANTA LUCÍA ADSIS,Otras actividades asociativas n.c.o.p.,9499,2,2,0,,
ORG000350,Fundación Secretariado Gitano,FUNDACIÓN SECRETARIADO GITANO,Otras actividades asociativas n.c.o.p.,9499,1,1,0,,
ORG000552,Fundación Tutelar de Navarra,FUTUNA,Otras actividades de servicios sociales sin alojamiento n.c.o.p.,8899,1,1,0,,430.00
ORG000113,Fundación Universidad - Sociedad,FUNDACIÓN UNIVERSIDAD - SOCIEDAD,Otras actividades de apoyo a las empresas n.c.o.p.,8299,1,1,0,3,
ORG000407,Fundación Xilema,FUNDACIÓN XILEMA,"Asistencia en establecimientos residenciales para personas con discapacidad intelectual, enfermedad mental y drogodependencia",8720,3,3,0,,
EMP003880,FZI Forschungszentrum Informatik,FZI FORSCHUNGSZENTRUM INFORMATIK,Otros servicios relacionados con las tecnologías de la información y la informática,6209,2,0,2,,
EMP003575,"Gamesa Corporación Tecnológica, S.A.",GAMESACORP,"Fabricación de motores, generadores y transformadores eléctricos",2711,1,0,1,,17786.70
EMP002671,"Gamesa Eólica, S.L.U.",GEOL,Producción de energía eléctrica de otros tipos,3519,9,0,9,,47010.48
EMP002615,"Gamesa Innovation and Technology, S.L.",GIT,"Fabricación de motores, generadores y transformadores eléctricos",2711,7,0,7,,59742.24
EMP001825,"Garbema, S.A.","GARBEMA, S.A.","Actividades de contabilidad, teneduría de libros, auditoría y asesoría fiscal",6920,1,0,1,,60.00
EMP003971,"Geiser Pharma, S.L.","GEISER PHARMA, S.L.","Otras actividades profesionales, científicas y técnicas n.c.o.p.",7490,3,0,3,,11819.94
EMP001962,"General Mills San Adrián, S.L.U.","GENERAL MILLS SAN ADRIÁN, S.L.U.",Elaboración de otros productos alimenticios n.c.o.p.,1089,11,0,11,,77354.85
EMP004232,"Geoalcali, S.L.","GEOALCALI, S.L.",Extracción de otros minerales metálicos no férreos,729,2,1,1,,5833.88
EMP002022,"Geodis Bourgey Montreuil Ibérica, S.A.","GEODIS BOURGEY MONTREUIL IBÉRICA, S.A.",Transporte de mercancías por carretera,4941,2,0,2,1,3626.00
EMP004717,Gertu Sakana Sociedad Cooperativa,GERTU SAKANA SOCIEDAD COOPERATIVA,"Comercio al por menor de ferretería, pintura y vidrio en establecimientos especializados",4752,5,2,3,,12272.41
EMP002828,"Gesinor Servicios de Prevención, S.L.L.","GESINOR SERVICIOS DE PREVENCIÓN, S.L.L.","Otras actividades profesionales, científicas y técnicas n.c.o.p.",7490,3,1,2,,2322.47
EMP000563,"Gestión Ambiental de Navarra, S.A.",GANASA,Actividades generales de la Administración Pública,8411,2,2,0,,981.50
EMP004357,"Gestión Informática de Contabilidad, S.L.",GESINCO,"Actividades de contabilidad, teneduría de libros, auditoría y asesoría fiscal",6920,2,0,2,,
EMP004805,"Gestoría Ruiz Millán, S.L.P.","GESTORÍA RUIZ MILLÁN, S.L.P.","Actividades de contabilidad, teneduría de libros, auditoría y asesoría fiscal",6920,,0,0,1,
EMP003291,"GKN Ayra Servicio, S.A.","GKN AYRA SERVICIO, S.A.","Fabricación de otros componentes, piezas y accesorios para vehículos de motor",2932,4,2,2,,9719.20
EMP004335,"GKN Driveline Zumaia, S.A.","GKN DRIVELINE ZUMAIA, S.A.",Fabricación de otros productos metálicos n.c.o.p.,2599,1,0,1,,5345.39
EMP004751,"GL Research Corporation, S.L.U.","GL RESEARCH CORPORATION, S.L.U.",Otras actividades de telecomunicaciones,6190,1,0,1,,10099.41
EMP000577,"GM Vending, S.A.","GM VENDING, S.A.",Comercio al por mayor de otra maquinaria y equipo,4666,1,0,1,,513.25
INS000067,Gobierno de Navarra,GN,Actividades generales de la Administración Pública,8411,50,50,0,,
EMP001888,"Goldwyns, S.L.","GOLDWYNS, S.L.",Otras actividades de consultoría de gestión empresarial,7022,2,0,2,,11679.94
EMP000580,"Gonvauto Navarra, S.A.","GONVAUTO NAVARRA, S.A.","Fabricación de otros componentes, piezas y accesorios para vehículos de motor",2932,2,1,1,,9703.22
EMP003127,"Gráficas Cems, S.L.","GRÁFICAS CEMS, S.L.",Servicios de preimpresión y preparación de soportes,1813,2,2,0,,4603.17
EMP000586,"Gráficas Estella, S. L.","GRÁFICAS ESTELLA, S. L.",Impresión de periódicos,1811,9,1,8,,53475.94
EMP003660,"Gráficas Ulzama, S.L.","GRÁFICAS ULZAMA, S.L.",Otras actividades de impresión y artes gráficas,1812,3,1,2,,12278.91
EMP004842,"Grupo Clavijo ELT, S.L.","GRUPO CLAVIJO ELT, S.L.",Fabricación de otro material y equipo eléctrico,2790,1,0,1,,393.25
EMP002110,"Grupo Fromageries Bel España, S.A.","GRUPO FROMAGERIES BEL ESPAÑA, S.A.",Elaboración de otros productos alimenticios n.c.o.p.,1089,,0,0,1,
EMP004676,"Grupo K Refrigeración, S.L.","GRUPO K REFRIGERACIÓN, S.L.",Fabricación de maquinaria de ventilación y refrigeración no doméstica,2825,8,2,6,,32529.76
EMP003140,"Grupo S21Sec Gestión, S.A.","GRUPO S21SEC GESTIÓN, S.A.",Actividades de programación informática,163,2,0,2,,19037.70
EMP001287,"GRUPODESA FASTENERS, S.A.U.","ANTIGUA COMERSIM, S.A.U.",Fabricación de otros productos metálicos n.c.o.p.,2599,3,0,3,,9942.46
EMP004581,"GTS-Thaumat XXI, S.A.","GTS-THAUMAT XXI, S.A.",Actividades de consultoría informática,6202,1,1,0,,393.25
EMP002706,"Guardian Industries Navarra, S.L.U.","GUARDIAN INDUSTRIES NAVARRA, S.L.U.",Fabricación de vidrio plano,2311,5,0,5,,19974.85
EMP000622,Guria S.A.,GURIA S.A.,Fabricación de productos de molinería,1061,2,0,2,,6191.01
EMP004823,"Hacienda Mutilva, S.L.","HACIENDA MUTILVA, S.L.",Restaurantes y puestos de comidas,5610,1,0,1,,1284.21
EMP004303,"Harivenasa, S.L.","HARIVENASA, S.L.",Actividades de preparación posterior a la cosecha,163,1,1,0,,393.25
EMP004679,"Hiberus Aplicaciones, S.L.U.","HIBERUS APLICACIONES, S.L.U.",Otros servicios relacionados con las tecnologías de la información y la informática,6209,1,1,0,,2973.25
EMP000632,"Hidrostank, S.L.","HIDROSTANK, S.L.",Otras instalaciones en obras de construcción,4329,1,0,1,,5831.97
EMP004520,Highfield Montessori School,HIGHFIELD MONTESSORI SCHOOL,Educación preprimaria,8510,1,1,0,,
EMP004531,Hispasanté Asbl,HISPASANTÉ ASBL,Actividades de servicios sociales sin alojamiento para  personas mayores,8811,1,0,1,,
ORG000117,Hospital San Juan de Dios,HOSPITAL SAN JUAN DE DIOS,Actividades hospitalarias,8610,1,1,0,,
EMP002204,"Huntsman Avanced Materials (Spain), S.L.","HUNTSMAN AVANCED MATERIALS (SPAIN), S.L.",Fabricación de otros productos básicos de química inorgánica,2013,1,0,1,,393.25
EMP003158,"I3I Ingeniería Avanzada, S.L.","I3I INGENIERÍA AVANZADA, S.L.",Servicios técnicos de ingeniería y otras actividades relacionadas con el asesoramiento técnico,7112,1,1,0,,663.69
EMP004707,"Iberdrola España, S.A.U.","IBERDROLA ESPAÑA, S.A.U.",Producción de energía hidroeléctrica,3515,2,1,1,,2063.73
EMP000657,"Iberfruta Muerza, S.A.","IBERFRUTA MUERZA, S.A.",Otro procesado y conservación de frutas y hortalizas,1039,1,1,0,,1293.25
EMP001963,"Ibérica de Suspensiones, S.L.",EGUZKIA NHK,"Fabricación de otros componentes, piezas y accesorios para vehículos de motor",2932,4,0,4,1,50475.59
EMP000662,"Idifarma Desarrollo Farmacéutico, S.L.","IDIFARMA DESARROLLO FARMACÉUTICO, S.L.",Fabricación de especialidades farmacéuticas,2120,1,0,1,,11299.41
EMP001676,"Imel Consultoría Jurídico Tributaria, S.L.","IMEL CONSULTORÍA JURÍDICO TRIBUTARIA, S.L.",Otras actividades de consultoría de gestión empresarial,7022,1,0,1,,
EMP004615,"Indar Electric, S.L.","INDAR ELECTRIC, S.L.","Fabricación de motores, generadores y transformadores eléctricos",2711,1,0,1,,3695.39
EMP004061,"Indra BPO Servicios, S.L.U.","INDRA BPO SERVICIOS, S.L.U.","Actividades de contabilidad, teneduría de libros, auditoría y asesoría fiscal",6920,4,0,4,,4989.16
EMP004659,"Industrial Augmented Reality, S.L.","INDUSTRIAL AUGMENTED REALITY, S.L.",Servicios técnicos de ingeniería y otras actividades relacionadas con el asesoramiento técnico,7112,3,1,2,,23058.30
EMP000692,"Industrias Alimentarias de Navarra, S.A.U.","IAN, S.A.",Otro procesado y conservación de frutas y hortalizas,1039,1,0,1,,2709.58
EMP004700,"Industrias Barga, S.L.","INDUSTRIAS BARGA, S.L.","Forja, estampación y embutición de metales; metalurgia de polvos",2550,2,0,2,,7200.00
EMP000683,"Industrias Cárnicas Navarras, S.A.",INCANASA GRUPO ALIMENTARIO ARGAL,Elaboración de productos cárnicos y de volatería,1013,1,0,1,,2947.01
EMP002919,"Industrias Mecánicas Microlan, S.L.",MICROLAN,Fabricación de maquinaria para la industria metalúrgica,2891,4,3,1,,8434.44
EMP001971,"Informática El Corte Inglés, S.A.",IECISA,"Comercio al por mayor de ordenadores, equipos periféricos y programas informáticos",4651,2,1,1,,11083.22
EMP004815,"Informes Técnicos y Valoraciones Generales, S.L.",INVAL ENERGIA,"Otras actividades profesionales, científicas y técnicas n.c.o.p.",7490,1,0,1,,2154.21
EMP002486,"Ingeniería Navarra Mecánica, S.L.U.",INGENAME,Servicios técnicos de ingeniería y otras actividades relacionadas con el asesoramiento técnico,7112,3,0,3,,3860.79
EMP003676,"Ingeteam Power Technology, S.A.","INGETEAM POWER TECHNOLOGY, S.A.",Servicios técnicos de ingeniería y otras actividades relacionadas con el asesoramiento técnico,7112,13,6,7,,42957.04
EMP004712,"Ingetritec, S.L.","INGETRITEC, S.L.",Servicios técnicos de ingeniería y otras actividades relacionadas con el asesoramiento técnico,7112,1,1,0,,393.25
EMP000730,"Iniciativas Innovadoras, S.A.L.","INICIATIVAS INNOVADORAS, S.A.L.",Servicios técnicos de ingeniería y otras actividades relacionadas con el asesoramiento técnico,7112,1,0,1,,5387.97
EMP004551,"Innavatic, S.I.","INNAVATIC, S.I.",Edición de otros programas informáticos,5829,1,0,1,,4787.97
EMP004704,"Innothalamus, S.L.","INNOTHALAMUS, S.L.",Actividades de programación informática,163,1,0,1,,5385.52
INS000100,Instituto de Turismo de España,TURESPAÑA,Asuntos exteriores,8421,4,0,4,,
EMP002795,"Instituto Navarro de Oposiciones, S.L.",INOP,Educación postsecundaria no terciaria,8541,1,0,1,,533.49
EMP003640,Instituto Navarro de Tecnologías e,"INTIA, S.A.",Actividades generales de la Administración Pública,8411,8,1,7,,61797.99
ORG000381,"Instituto Tecnológico de Costa Rica, Sede Regional",CETEC,Actividades de investigación,8030,1,0,1,,
EMP002399,"Integración de Estructuras Metálicas, S.L.","INTEGRACIÓN DE ESTRUCTURAS METÁLICAS, S.L.",Depósito y almacenamiento,5210,1,1,0,,1203.25
EMP000746,"Integración de Servicios Navarros, S.L.",ISN,Otras actividades de limpieza,8129,15,2,13,,72165.58
EMP002501,"Integración de Servicios Nuevos, S.L.","ISNU INTEGRACIÓN DE SERVICIOS NUEVOS, S.L.",Otras actividades de limpieza,8129,2,2,0,,3336.50
EMP000747,"Integralia Movilidad, S.L.","INTEGRALIA MOVILIDAD, S.L.",Fabricación de carrocerías para vehículos de motor; fabricación de remolques y semirremolques,2920,1,0,1,,6187.95
EMP003983,"Intelligent Sistem Vitale, S.L.","INTELLIGENT SISTEM VITALE, S.L.",Edición de otros programas informáticos,5829,1,1,0,,393.25
EMP002103,"Iore Consultores Jurídicos, S.L.","IORE CONSULTORES JURÍDICOS, S.L.",Actividades jurídicas,6910,2,0,2,,9654.36
EMP000762,"Irumold, S.L.","IRUMOLD, S.L.",Servicios técnicos de ingeniería y otras actividades relacionadas con el asesoramiento técnico,7112,3,0,3,,20030.96
EMP000139,"Isringhausen Spain, S.L.U.","ISRINGHAUSEN SPAIN, S.L.U.","Fabricación de otros componentes, piezas y accesorios para vehículos de motor",2932,1,1,0,,393.25
EMP004749,"ISS Facility Services Multiservicios Integrales,","ISS FACILITY SERVICES MULTISERVICIOS INTEGRALES,",Servicios integrales a edificios e instalaciones,8110,4,2,2,,2353.08
EMP003597,"Iturbrok, S.L.","ITURBROK, S.L.",Servicios técnicos de ingeniería y otras actividades relacionadas con el asesoramiento técnico,7112,1,0,1,,10099.41
EMP002666,"J&A Garrigues, S.L.P.","J&A GARRIGUES, S.L.P.",Actividades jurídicas,6910,3,1,2,,1571.79
EMP004706,"JG Ingenieros, S.A.","JG INGENIEROS, S.A.",Servicios técnicos de ingeniería y otras actividades relacionadas con el asesoramiento técnico,7112,1,1,0,,724.50
EMP003229,"Job Accommodation, S.L.","JOB ACCOMMODATION, S.L.",Servicios técnicos de ingeniería y otras actividades relacionadas con el asesoramiento técnico,7112,2,1,1,,786.50
EMP000792,"Jofemar, S.A.","JOFEMAR, S.A.",Fabricación de otra maquinaria de uso general n.c.o.p.,2829,2,0,2,,6933.58
EMP004791,"Julián Goñi e Hijos, S.L.","JULIÁN GOÑI E HIJOS, S.L.",Fabricación de envases y embalajes de madera,1624,1,0,1,,
EMP004736,"Kiva Foods, S.L.","KIVA FOODS, S.L.",Elaboración de otros productos alimenticios n.c.o.p.,1089,2,0,2,,0.00
EMP004809,"Knet Comunicaciones, S.L.","KNET COMUNICACIONES, S.L.",Otros servicios relacionados con las tecnologías de la información y la informática,6209,1,0,1,,393.25
EMP001682,"KPMG, S.A.","KPMG, S.A.","Actividades de contabilidad, teneduría de libros, auditoría y asesoría fiscal",6920,6,0,6,,26377.80
EMP003913,"Kunak Technologies, S.L.","KUNAK TECHNOLOGIES, S.L.","Otras actividades profesionales, científicas y técnicas n.c.o.p.",7490,1,1,0,,393.25
EMP003293,"KYB Advanced Manufacturing Spain, S.A.",KYB AMS,"Fabricación de otros componentes, piezas y accesorios para vehículos de motor",2932,2,0,2,,22254.71
EMP003262,KYB Europe Headquarters GMBH,KYBEH EUROPE HEADQUARTERS GMBH,Servicios técnicos de ingeniería y otras actividades relacionadas con el asesoramiento técnico,7112,9,3,6,,73264.77
EMP000799,"KYB Steering Spain, S.A.",KAYABA,"Fabricación de otros componentes, piezas y accesorios para vehículos de motor",2932,,0,0,1,-5384.67
EMP000092,"KYB Suspensions Europe, S.A.","KYBSE SUSPENSIONS EUROPE, S.A.","Fabricación de otros componentes, piezas y accesorios para vehículos de motor",2932,1,0,1,,12564.52
EMP002753,"L Sol Soluciones Energéticas, S.L.",LSOL,Servicios técnicos de ingeniería y otras actividades relacionadas con el asesoramiento técnico,7112,1,1,0,,1683.25
EMP000820,"La Información, S.A.","LA INFORMACIÓN, S.A.",Impresión de periódicos,1811,2,1,1,,3004.26
EMP000827,"Laboratorios Cinfa, S.A.","LABORATORIOS CINFA, S.A.",Fabricación de especialidades farmacéuticas,2120,16,1,15,,134092.57
EMP004715,"Lagun Consulting, S.L.","LAGUN CONSULTING, S.L.","Actividades de contabilidad, teneduría de libros, auditoría y asesoría fiscal",6920,1,0,1,,
EMP000839,"Largoiko, S.L.L.","LARGOIKO, S.L.L.",Fabricación de otra maquinaria para usos específicos n.c.o.p.,2899,6,1,5,,38369.42
EMP003214,"Layos Asesoría, S.L.L.","LAYOS ASESORÍA, S.L.L.",Actividades jurídicas,6910,1,1,0,,393.25
EMP004682,Leitzaldeko Gizarte Zertbitzuen Mankomunitatea,LEITZALDEKO GIZARTE ZERTBITZUEN MANKOMUNITATEA,Actividades generales de la Administración Pública,8411,1,1,0,,
EMP004399,"Lesmarc Distribuciones, S.L.","LESMARC DISTRIBUCIONES, S.L.",Transporte de mercancías por carretera,4941,6,0,6,,26110.14
EMP000866,"Liebherr Industrias Metálicas, S.A.","LIEBHERR INDUSTRIAS METÁLICAS, S.A.",Fabricación de maquinaria de elevación y manipulación,2822,6,1,5,,33044.51
EMP004198,"Lifeak, Job Accommodation Solutions for Life, S.L.","LIFEAK, JOB ACCOMMODATION SOLUTIONS FOR LIFE, S.L.",Fabricación de otra maquinaria para usos específicos n.c.o.p.,2899,20,7,13,,46682.47
EMP001038,"Limagrain Iberica, S.A.",SENASA,"Comercio al por mayor de cereales, tabaco en rama, simientes y alimentos para animales",4621,1,1,0,,3186.50
EMP000882,"Loxin 2002, S.L.","LOXIN 2002, S.L.",Fabricación de otra maquinaria para usos específicos n.c.o.p.,2899,1,0,1,,16153.56
EMP000892,"M. Torres Diseños Industriales, S.A.U.",M. TORRES,Fabricación de otra maquinaria para usos específicos n.c.o.p.,2899,23,3,20,,105486.28
EMP000897,"Magnesitas Navarras, S.A.","MAGNESITAS NAVARRAS, S.A.",Extracción de otros minerales metálicos no férreos,729,3,1,2,,17065.56
EMP004762,"Mahei Engineering, S.L.","MAHEI ENGINEERING, S.L.",Actividades de programación informática,163,1,1,0,,393.25
EMP000899,"Maier Navarra, S.L.U.","MAIER NAVARRA, S.L.U.","Fabricación de otros componentes, piezas y accesorios para vehículos de motor",2932,9,4,5,,39464.40
EMP004438,"Malakistan Republic, S.L.U.","MALAKISTAN REPUBLIC, S.L.U.",Actividades de consultoría informática,6202,2,2,0,,1573.00
EMP004672,"Mancomunidad de Servicios Sociales Alsasua,","MANCOMUNIDAD DE SERVICIOS SOCIALES ALSASUA,",Actividades generales de la Administración Pública,8411,1,1,0,,
EMP004532,Mancomunidad de Servicios Sociales de Huarte y,MANCOMUNIDAD DE SERVICIOS SOCIALES DE HUARTE Y,Actividades de servicios sociales sin alojamiento para  personas con discapacidad,8812,1,1,0,,
INS000289,Mancomunidad de Servicios Ultzanueta,MANCOMUNIDAD DE SERVICIOS ULTZANUETA,Actividades generales de la Administración Pública,8411,2,0,2,,9811.26
INS000290,"Mancomunidad de SS BB de Ansoain, Berriozar,","MANCOMUNIDAD DE SS BB DE ANSOAIN, BERRIOZAR,",Actividades de servicios sociales sin alojamiento para  personas mayores,8811,1,1,0,,
EMP003434,"Mapfre Seguros Generales, S.A.","MAPFRE SEGUROS GENERALES, S.A.",Seguros de vida,6511,,0,0,1,
EMP000913,"Mapsa, S.Coop.","MAPSA, S.COOP.","Fabricación de otros componentes, piezas y accesorios para vehículos de motor",2932,6,3,3,,28446.40
EMP004737,"Máster Navarra Automatismos, S.L.","MÁSTER NAVARRA AUTOMATISMOS, S.L.",Otras actividades de construcción especializada n.c.o.p.,4399,1,0,1,1,2691.49
EMP001738,"Matadero de Pamplona, S.A.","MATADERO DE PAMPLONA, S.A.",Comercio al por mayor de carne y productos cárnicos,4632,,0,0,1,278.30
EMP000822,"Matadero La Protectora, S.A.","MATADERO LA PROTECTORA, S.A.",Procesado y conservación de carne,1011,6,0,6,,26123.84
EMP000935,"Mecanizaciones Aeronáuticas, S.A.","MECANIZACIONES AERONÁUTICAS, S.A.",Construcción aeronáutica y espacial y su maquinaria,3030,1,1,0,,393.25
EMP000940,"Mecanizados Industria Auxiliar, S.A.",MIASA,"Fabricación de otros componentes, piezas y accesorios para vehículos de motor",2932,,0,0,2,1203.95
EMP000953,"Mercedes Benz España, S.A.U.","MERCEDES BENZ ESPAÑA, S.A.U.",Fabricación de vehículos de motor,2910,1,0,1,,3213.85
EMP004825,"Messuprel, S.L.","MESSUPREL, S.L.",Otras actividades de limpieza industrial y de edificios,8122,1,0,1,,5387.97
EMP000955,"Metalúrgicas Pabur, S.L.","METALÚRGICAS PABUR, S.L.",Fabricación de otros productos metálicos n.c.o.p.,2599,1,0,1,,1784.21
EMP000957,"Metronics Technologies, S.L.","METRONICS TECHNOLOGIES, S.L.",Fabricación de otra maquinaria para usos específicos n.c.o.p.,2899,2,2,0,,2936.50
EMP004902,"MGS Seguros y Reaseguros, S.A.","MGS SEGUROS Y REASEGUROS, S.A.",Seguros distintos de los seguros de vida,6512,,0,0,1,278.30
EMP004237,"Michelín España-Portugal, S.A.","MICHELÍN ESPAÑA-PORTUGAL, S.A.",Fabricación de neumáticos y cámaras de caucho; reconstrucción y recauchutado de neumáticos,2211,1,0,1,,785.29
INS000166,Ministerio de Asuntos Exteriores y de Cooperación,MAEC,Actividades generales de la Administración Pública,8411,10,1,9,,
EMP002345,"MM Consulting Financiero, S.L.","MM CONSULTING FINANCIERO, S.L.","Actividades de contabilidad, teneduría de libros, auditoría y asesoría fiscal",6920,1,0,1,,393.25
EMP004881,"Moldes Pamplona, S.L.","MOLDES PAMPLONA, S.L.",Fabricación de carpintería metálica,2512,,0,0,1,
EMP004693,"Mondelez España Galletas Production, S.L.U.",MDLZ ESPAÑA GALLETAS SLU,Fabricación de galletas y productos de panadería y pastelería de larga duración,1072,1,0,1,,8403.57
EMP004675,"Montejurra Gestión, S.L.","MONTEJURRA GESTIÓN, S.L.","Actividades de contabilidad, teneduría de libros, auditoría y asesoría fiscal",6920,1,1,0,,393.25
EMP003713,"Mundomovil Arfila, S.L.","MUNDOMOVIL ARFILA, S.L.",Otras actividades de consultoría de gestión empresarial,7022,1,0,1,,1264.21
EMP004684,Muñoz Segura Ana Mª y del Portillo Ros Maite,ADAPTA E INTEGRA,Otros servicios personales n.c.o.p.,9609,2,1,1,,7363.31
EMP000995,Mutua Navarra,MUTUA NAVARRA,Seguros distintos de los seguros de vida,6512,2,1,1,1,910.37
EMP004701,"My News, S.L.","MY NEWS, S.L.",Otros servicios relacionados con las tecnologías de la información y la informática,6209,1,0,1,,11174.91
EMP004571,"Nadetech Innovations, S.L.","NADETECH INNOVATIONS, S.L.","Otras actividades profesionales, científicas y técnicas n.c.o.p.",7490,1,1,0,,1683.25
EMP004608,Nano Automotive S.L.,NANO AUTOMOTIVE S.L.,"Fabricación de cojinetes, engranajes y órganos mecánicos de transmisión",2815,3,0,3,,19998.49
EMP004838,"Nanotures, S.L.","NANOTURES, S.L.",Otra investigación y desarrollo experimental en ciencias naturales y técnicas,7219,1,0,1,,393.25
EMP003963,Naturin Viscofan GmbH,NATURIN VISCOFAN GMBH,Fabricación de envases y embalajes de plástico,2222,2,0,2,,
EMP004045,Naudit High Performance Computing and,NAUDIT HIGH PERFORMANCE COMPUTING AND,Actividades de programación informática,163,3,0,3,,2745.65
EMP004698,"Navaplastic, S.L.","NAVAPLASTIC, S.L.",Fabricación de otros productos de plástico,2229,1,0,1,1,1472.51
EMP003654,"Navarra de Suelo y Vivienda, S.A.",NASUVINSA,Promoción inmobiliaria,4110,,0,0,1,278.30
EMP002115,"Navarra de Técnicas de Soldadura y Fijación, S.L.",TSF,"Fabricación de productos básicos de hierro, acero y ferroaleaciones",2410,1,1,0,,3833.25
EMP004114,"Navarra de Tratamiento del Agua, S.L.","NAVARRA DE TRATAMIENTO DEL AGUA, S.L.",Fabricación de otra maquinaria de uso general n.c.o.p.,2829,1,0,1,,4152.73
EMP004623,New Conta Navarra S.L.,NEW CONTA NAVARRA S.L.,"Actividades de contabilidad, teneduría de libros, auditoría y asesoría fiscal",6920,2,0,2,,1302.46
EMP001814,"New Digital Diesel Technology, S.L.",NTDD,Fabricación de componentes electrónicos,2611,1,1,0,,2113.25
EMP004200,"Nubapp Aplications, S.L.","NUBAPP APLICATIONS, S.L.",Edición de otros programas informáticos,5829,2,1,1,,11159.33
EMP002247,"Obras y Servicios Tex, S.L.","OBRAS Y SERVICIOS TEX, S.L.",Preparación de terrenos,4312,2,1,1,,1427.46
EMP001806,"Ochoa Lacar Hermanos, S.L.","OCHOA LACAR HERMANOS, S.L.","Fontanería, instalaciones de sistemas de calefacción y aire acondicionado",4322,1,0,1,,393.25
EMP004477,"Oniria Consulting, S.L.","ONIRIA CONSULTING, S.L.",Otras actividades de consultoría de gestión empresarial,7022,,0,0,1,787.50
EMP000718,"Openbravo, S.L.",TECNICIA,Actividades de consultoría informática,6202,11,3,8,1,63190.03
EMP004883,"Operador Neutro Navarro, S.L.","OPERADOR NEUTRO NAVARRO, S.L.",Fabricación de cables de fibra óptica,2731,,0,0,1,278.30
EMP003162,"Orbital Sistemas Aeroespaciales, S.L.","ORBITAL SISTEMAS AEROESPACIALES, S.L.",Servicios técnicos de ingeniería y otras actividades relacionadas con el asesoramiento técnico,7112,5,3,2,,9964.23
EMP001071,"Orhy Asesores, S.L.","ORHY ASESORES, S.L.","Actividades de contabilidad, teneduría de libros, auditoría y asesoría fiscal",6920,1,0,1,,1178.97
EMP004855,"Ormazabal Protection & Automation, S.L.U.","ORMAZABAL PROTECTION & AUTOMATION, S.L.U.","Fabricación de instrumentos y aparatos de medida, verificación y navegación",2651,1,0,1,,785.29
EMP001072,"Orona, S. Coop.","ORONA, S. COOP.",Fabricación de maquinaria de elevación y manipulación,2822,1,0,1,,1365.64
EMP004210,"Osesansa, S.L.",EL OBRADOR,Fabricación de pan y de productos frescos de panadería y pastelería,1071,1,0,1,,11409.97
EMP004705,"Otazu-Vega Abogados, S.L.P.","OTAZU-VEGA ABOGADOS, S.L.P.",Actividades jurídicas,6910,1,0,1,,8859.97
EMP004440,"Pamplona Car, S.L.","PAMPLONA CAR, S.L.",Venta de automóviles y vehículos de motor ligeros,4511,2,1,1,,786.50
EMP004003,"Pamplopan, S.I.","PAMPLOPAN, S.I.","Comercio al por menor de pan y productos de panadería, confitería y pastelería en establecimientos especializados",4724,1,0,1,1,393.25
EMP001086,"Pauma, S.L.","PAUMA, S.L.",Actividades auxiliares a la educación,8560,1,1,0,,
EMP004892,"Pernod Ricard España, S.A.","PERNOD RICARD ESPAÑA, S.A.",Comercio al por mayor de bebidas,4634,1,0,1,,2026.58
EMP001001,"Piher Sensors & Controls, S.A.",ANTIGUA NACESA - PIHER,Fabricación de componentes electrónicos,2611,7,0,7,,32164.67
EMP002754,"Plastic Omnium Automotive España, S.A.","PLASTIC OMNIUM AUTOMOTIVE ESPAÑA, S.A.","Fabricación de otros componentes, piezas y accesorios para vehículos de motor",2932,3,0,3,,18867.15
EMP003897,"Plásticos Brello, S.A.","PLÁSTICOS BRELLO, S.A.",Fabricación de otros productos de plástico,2229,3,1,2,,14876.39
EMP004833,"Plásticos Xima, S.L.","PLÁSTICOS XIMA, S.L.",Fabricación de otros productos de plástico,2229,,0,0,2,556.60
EMP004694,"Poliester Mam, S.L.","POLIESTER MAM, S.L.",Fabricación de otros productos de plástico,2229,2,0,2,,13676.83
EMP004173,"Polygon Education, S.L.","POLYGON EDUCATION, S.L.",Edición de libros,5811,5,4,1,,2521.76
EMP001512,"Prefabricados y Montajes, S.L.",PREMOSA,Fabricación de carpintería metálica,2512,1,1,0,,2543.25
EMP003208,"Prevenna, S.L.",ANTIGUA PREVENCIÓN NAVARRA,"Otras actividades profesionales, científicas y técnicas n.c.o.p.",7490,1,0,1,,10094.86
EMP003909,"Producciones Vegetales Diferenciadas, S.L.",PROVEDIS,Comercio al por mayor de flores y plantas,4622,1,0,1,,678.49
EMP003342,"Productos Kol, S.L.","PRODUCTOS KOL, S.L.",Otras industrias manufactureras n.c.o.p.,3299,3,1,2,,1243.78
EMP004930,"Protectora de Carnes, S.L.",PROTECA,Procesado y conservación de carne,1011,2,0,2,,3806.42
EMP004784,Proyecto La Casita Munay Wayra SAC,PROYECTO LA CASITA MUNAY WAYRA SAC,Otra educación n.c.o.p.,8559,1,0,1,,
EMP003098,"Proyecto Luz, S.A.","PROYECTO LUZ, S.A.",Comercio al por mayor de aparatos electrodomésticos,4643,1,0,1,,10784.17
EMP004849,"Proyectos y Construcciones Pirineo, S.L.","PROYECTOS Y CONSTRUCCIONES PIRINEO, S.L.",Servicios técnicos de ingeniería y otras actividades relacionadas con el asesoramiento técnico,7112,1,0,1,,1397.06
EMP003888,Proyectos y Servicios de Ingeniería y Arquitectura,PROYECTOS Y SERVICIOS DE INGENIERÍA Y ARQUITECTURA,Servicios técnicos de ingeniería y otras actividades relacionadas con el asesoramiento técnico,7112,2,1,1,,4765.57
EMP004528,"Pyramide Asesores, S.L.","PYRAMIDE ASESORES, S.L.","Actividades de contabilidad, teneduría de libros, auditoría y asesoría fiscal",6920,3,2,1,,786.50
EMP003475,"Quomai Technologies, S.L.","QUOMAI TECHNOLOGIES, S.L.",Actividades de programación informática,163,1,0,1,,4917.24
EMP002710,"Ramondin Cápsulas, S.A.","RAMONDIN CÁPSULAS, S.A.",Fabricación de envases y embalajes metálicos ligeros,2592,1,1,0,,2113.25
EMP001158,"Randstad Empleo ETT, S.A.U.","RANDSTAD EMPLEO ETT, S.A.U.",Actividades de las empresas de trabajo temporal,7820,6,4,2,,8680.55
EMP004697,"Randstad Project Services, S.L.U.","RANDSTAD PROJECT SERVICES, S.L.U.",Otras actividades de apoyo a las empresas n.c.o.p.,8299,2,0,2,,5827.11
EMP004763,"Recarte Talleres, S.I.","RECARTE TALLERES, S.I.",Fabricación de carpintería metálica,2512,1,0,1,,11299.41
EMP001163,"Reciclauto Navarra, S.L.","RECICLAUTO NAVARRA, S.L.",Servicios técnicos de ingeniería y otras actividades relacionadas con el asesoramiento técnico,7112,3,2,1,,1299.75
EMP004678,"Residencia Beloso Alto, S.L.",IMQ,Actividades de medicina especializada,8622,1,1,0,,
EMP001820,"Rey-Mendez, S.L.","REY-MENDEZ, S.L.","Actividades de contabilidad, teneduría de libros, auditoría y asesoría fiscal",6920,2,0,2,,17798.82
EMP004781,"Reyvena-Serviteco, S.L.","REYVENA-SERVITECO, S.L.",Mantenimiento y reparación de vehículos de motor,4520,2,0,2,,4901.42
EMP003760,"Rios Renovables, S.L.","RIOS RENOVABLES, S.L.",Fabricación de pilas y acumuladores eléctricos,2720,1,0,1,,785.29
EMP003394,Roca Pool-Spa Sp. Z.o.o.,ROCA POOL-SPA SP. Z.O.O.,Fabricación de aparatos sanitarios cerámicos,2342,3,1,2,,
EMP001194,"Rofin Baasel España, S.L.U.","ROFIN BAASEL ESPAÑA, S.L.U.",Fabricación de otro material y equipo eléctrico,2790,2,0,2,,15798.61
EMP002760,"Rotativas de Estella, S.L.",RODESA,Otras actividades de impresión y artes gráficas,1812,1,0,1,,10877.36
EMP004848,"RPC Superfos Pamplona, S.A.","RPC SUPERFOS PAMPLONA, S.A.",Fabricación de envases y embalajes de plástico,2222,1,1,0,,
EMP004276,"Rypples Media, S.L.","RYPPLES MEDIA, S.L.",Otras actividades de consultoría de gestión empresarial,7022,1,0,1,,11299.41
EMP001589,S.A. de Preformados Metálicos,SAPREM,"Fabricación de productos de alambre, cadenas y muelles",2593,2,2,0,,9386.50
EMP002889,"Sagamovil, S.A.","SAGAMOVIL, S.A.",Venta de automóviles y vehículos de motor ligeros,4511,1,0,1,,1264.21
EMP001214,"Saint Gobain Abrasivos, S.A.","SAINT GOBAIN ABRASIVOS, S.A.",Fabricación de otros productos minerales no metálicos n.c.o.p.,2399,3,0,3,1,12490.54
EMP004011,"Saint Gobain Adfors España, S.A.U.","SAINT GOBAIN ADFORS ESPAÑA, S.A.U.",Fabricación de otros productos textiles de uso técnico e industrial,1396,1,0,1,,9199.41
EMP002384,"Saltoki, S.A.","SALTOKI, S.A.",Comercio al por mayor de otra maquinaria y equipo,4666,2,0,2,,9012.82
EMP003125,"Sánchez & Bergasa Asesores, S.L.","SÁNCHEZ & BERGASA ASESORES, S.L.","Actividades de contabilidad, teneduría de libros, auditoría y asesoría fiscal",6920,1,0,1,,873.97
EMP000054,"Sapa Extrusion Navarra, S.L.",ALCOA EXTRUSION,Fabricación de otros productos metálicos n.c.o.p.,2599,2,0,2,,12433.62
EMP004454,"SAR Residencial y Asistencial, S.A.U.","SAR RESIDENCIAL Y ASISTENCIAL, S.A.U.",Otras actividades de asistencia en establecimientos residenciales,8790,4,4,0,,
EMP001225,"SAS Autosystemtechnik, S.A.","SAS AUTOSYSTEMTECHNIK, S.A.","Fabricación de otros componentes, piezas y accesorios para vehículos de motor",2932,4,0,4,,30365.20
EMP004644,"SCA Hygiene Spain, S.L.","SCA HYGIENE SPAIN, S.L.",Fabricación de papel y cartón,1712,11,3,8,2,67666.01
EMP002333,"Schindler, S.A.","SCHINDLER, S.A.",Fabricación de maquinaria de elevación y manipulación,2822,1,0,1,,4331.97
EMP001231,"Schmidt-Clemens Spain, S.A.",CENTRACERO,"Fabricación de tubos, tuberías, perfiles huecos y sus accesorios, de acero",2420,1,1,0,,2543.25
EMP001232,"Schneider Electric España, S.A.","SCHNEIDER ELECTRIC ESPAÑA, S.A.",Fabricación de aparatos de distribución y control eléctrico,2712,9,0,9,,64720.85
EMP002816,"Schnellecke Logistics España, S.A.",KWD,"Fabricación de otros componentes, piezas y accesorios para vehículos de motor",2932,4,0,4,,33230.11
INS000283,Secretaría General de Instituciones Penitenciarias,SECRETARÍA GENERAL DE INSTITUCIONES PENITENCIARIAS,Orden público y seguridad,8424,2,2,0,,
EMP000013,"Segula Tecnologías España, S.A.U.","SEGULA TECNOLOGÍAS ESPAÑA, S.A.U.",Servicios técnicos de ingeniería y otras actividades relacionadas con el asesoramiento técnico,7112,2,0,2,,3285.64
EMP001243,"Seguridad Industrial, S.A.",SEINSA,Fabricación de otros productos de caucho,2219,1,0,1,,12377.36
EMP001247,"Sein Tic, S.L.","SEIN TIC, S.L.",Otros servicios relacionados con las tecnologías de la información y la informática,6209,2,1,1,,1847.46
EMP002605,"Seresgerna, S.A.","SERESGERNA, S.A.",Actividades de servicios sociales sin alojamiento para  personas mayores,8811,5,1,4,,7799.74
EMP001940,"Serval, S.L.","SERVAL, S.L.","Actividades de contabilidad, teneduría de libros, auditoría y asesoría fiscal",6920,1,0,1,,8899.41
EMP004735,Servicio de Acción Preventiva Comunitaria Mendillo,BIDEBERRI,"Otras actividades profesionales, científicas y técnicas n.c.o.p.",7490,2,2,0,,
EMP000042,"Servicios de Montejurra, S.A.","SERVICIOS DE MONTEJURRA, S.A.","Captación, depuración y distribución de agua",3600,3,2,1,,15355.91
EMP001286,"Sigma Brakes, S.A.","SIGMA BRAKES, S.A.",Fabricación de equipos de transmisión hidráulica y neumática,2812,2,0,2,,8099.46
EMP002298,"Sinase Alfonso, S.A.","SINASE ALFONSO, S.A.",Comercio al por mayor de metales y minerales metálicos,4672,1,1,0,,393.25
EMP002324,"SIP-TEC, Soluciones Integrales, S.L.","SIP-TEC, SOLUCIONES INTEGRALES, S.L.","Otras actividades profesionales, científicas y técnicas n.c.o.p.",7490,,0,0,1,
EMP001293,"Sistelec Soluciones de Telecomunicación, S.L.","SISTELEC SOLUCIONES DE TELECOMUNICACIÓN, S.L.",Otras actividades de telecomunicaciones,6190,2,0,2,,1854.21
EMP001297,"SKF Española, S.A.","SKF ESPAÑOLA, S.A.","Fabricación de cojinetes, engranajes y órganos mecánicos de transmisión",2815,12,0,12,,92989.71
EMP001083,"Smurfit Kappa Navarra, S.A.",SK NAVARRA SA,Fabricación de papel y cartón ondulados; fabricación Innovaacde envases y embalajes de papel y cartón,1721,7,1,6,1,31312.33
EMP002504,Sociedad Cooperativa Agraria Orvalaiz,ORVALAIZ,Elaboración de vinos,1102,1,1,0,,1693.25
EMP001303,"Sociedad Ibérica de Construcciones Eléctricas,",SICE,Servicios técnicos de ingeniería y otras actividades relacionadas con el asesoramiento técnico,7112,2,0,2,,4099.33
EMP002685,"Sofidel Spain, S.L.",IBERTISSUE,Fabricación de papel y cartón,1712,1,0,1,,513.25
EMP004646,Solera Asistencial S.L.U.,SOLERA ASISTENCIAL S.L.U.,"Asistencia en establecimientos residenciales para personas con discapacidad intelectual, enfermedad mental y drogodependencia",8720,1,0,1,,3446.71
EMP004865,"Solera Navarra, S.L.U.","SOLERA NAVARRA, S.L.U.","Asistencia en establecimientos residenciales para personas con discapacidad intelectual, enfermedad mental y drogodependencia",8720,1,0,1,,6553.41
EMP002335,"Solinvest Fotovoltaica, S.L.","SOLINVEST FOTOVOLTAICA, S.L.",Producción de energía eléctrica de otros tipos,3519,1,0,1,,10466.08
INS000179,St. Mary's College Preparatory School,ST. MARY'S COLLEGE PREPARATORY SCHOOL,Educación secundaria general,8531,2,2,0,,
EMP004687,"Storopack España, S.L.U.","STOROPACK ESPAÑA, S.L.U.",Fabricación de envases y embalajes de plástico,2222,2,0,2,,10775.94
EMP001326,"Sumelec Navarra, S.L.","SUMELEC NAVARRA, S.L.",Comercio al por mayor de equipos electrónicos y de telecomunicaciones y sus componentes,4652,2,1,1,,15682.05
EMP001330,Suministros y Servicios Unificados de,SUNSUNDEGUI,Fabricación de carrocerías para vehículos de motor; fabricación de remolques y semirremolques,2920,1,0,1,,3370.16
EMP004259,"Talleres Goldebi, S.L.","TALLERES GOLDEBI, S.L.",Ingeniería mecánica por cuenta de terceros,2562,1,1,0,,393.25
EMP003361,"Talleres Mutilva Automoción, S.L.","TALLERES MUTILVA AUTOMOCIÓN, S.L.",Mantenimiento y reparación de vehículos de motor,4520,6,0,6,,23114.68
EMP001773,"Tasubinsa, S.A.","TASUBINSA, S.A.",Actividades de servicios sociales sin alojamiento para  personas con discapacidad,8812,5,4,1,,15449.81
EMP001369,"Tecnoconfort, S.A.","TECNOCONFORT, S.A.","Fabricación de otros componentes, piezas y accesorios para vehículos de motor",2932,7,2,5,,33506.84
EMP002613,"Tecnología y Calidad Lactea, S.L.","TECNOLOGÍA Y CALIDAD LACTEA, S.L.",Ensayos y análisis técnicos,7120,1,0,1,,4068.42
EMP004841,"Tenías, S.A.","TENÍAS, S.A.",Fabricación de otras máquinas herramienta,2849,2,0,2,,8144.27
EMP001777,"Tesicnor, S.L.U.","TESICNOR, S.L.U.",Servicios técnicos de ingeniería y otras actividades relacionadas con el asesoramiento técnico,7112,2,0,2,,513.25
EMP003582,"Tetra Consulting & Engineering, S.L.","TETRA CONSULTING & ENGINEERING, S.L.",Servicios técnicos de ingeniería y otras actividades relacionadas con el asesoramiento técnico,7112,6,1,5,,21340.89
EMP001396,"TI Automotive Pamplona, S.L.","TI AUTOMOTIVE PAMPLONA, S.L.",Fabricación de otros productos de plástico,2229,2,0,2,,17293.32
EMP004713,"Tierra Limpiezas Ecológicas, S.L.","TIERRA LIMPIEZAS ECOLÓGICAS, S.L.",Otras actividades de limpieza,8129,1,1,0,,393.25
EMP002657,"Tiruña, S.L.","TIRUÑA, S.L.",Fabricación de otra maquinaria para usos específicos n.c.o.p.,2899,,0,0,1,
EMP001406,"Trabajos Catastrales, S.A.",TRACASA,Otros servicios de información n.c.o.p.,6399,1,0,1,,4787.97
EMP004792,"Tracasa Instrumental, S.L.","TRACASA INSTRUMENTAL, S.L.",Actividades de programación informática,163,4,1,3,,22518.06
EMP001767,"Transformados Mayo, S.L.","TRANSFORMADOS MAYO, S.L.","Forja, estampación y embutición de metales; metalurgia de polvos",2550,1,0,1,,12677.36
EMP003679,"Transformados Ruiz, S.L.U.","TRANSFORMADOS RUIZ, S.L.U.",Fabricación de estructuras metálicas y sus componentes,2511,1,0,1,,393.25
EMP001646,"Transportes Azpíroz, S.L.","TRANSPORTES AZPÍROZ, S.L.",Transporte de mercancías por carretera,4941,1,0,1,,4517.49
EMP001025,"Trelleborg Automotive Cascante, S.A.U","TRELLEBORG AUTOMOTIVE CASCANTE, S.A.U","Fabricación de otros componentes, piezas y accesorios para vehículos de motor",2932,1,0,1,,4530.63
EMP004801,"Tremad Sharing, S.L.","TREMAD SHARING, S.L.",Portales web,6312,2,1,1,,786.50
EMP002845,"Trenes de Navarra, S.A.",TRENASA,Fabricación de otra maquinaria para usos específicos n.c.o.p.,2899,2,0,2,,23484.24
EMP004714,"Tres60 Transformación Digital, S.L.","TRES60 TRANSFORMACIÓN DIGITAL, S.L.",Actividades de consultoría informática,6202,1,1,0,,1619.92
EMP004479,Trevithick Learning Academy,TREVITHICK LEARNING ACADEMY,Educación primaria,8520,2,2,0,,
EMP003830,"Tristone Flowtech Spain, S.A.U.","TRISTONE FLOWTECH SPAIN, S.A.U.","Fabricación de otros componentes, piezas y accesorios para vehículos de motor",2932,1,0,1,,2651.01
EMP002552,Ul International GmbH,UL INTERNATIONAL GMBH,Ensayos y análisis técnicos,7120,3,0,3,,21690.01
EMP001439,"Ultracongelados Virto, S.A.","ULTRACONGELADOS VIRTO, S.A.",Otro procesado y conservación de frutas y hortalizas,1039,,0,0,1,278.30
EMP002062,"Unión de Fabricantes de Conservas, S.A.",UNFASA,Elaboración de zumos de frutas y hortalizas,1032,1,1,0,,393.25
EMP004775,"Unión de Montadores Eléctricos de Navarra, S.L.","UNIÓN DE MONTADORES ELÉCTRICOS DE NAVARRA, S.L.",Instalaciones eléctricas,4321,,0,0,1,278.30
EMP004783,Universidad Antonio Nariño - UAN,UNIVERSIDAD ANTONIO NARIÑO - UAN,Educación universitaria,8543,1,0,1,,
EMP003111,"Unnefar, S. Coop.","UNNEFAR, S. COOP.",Comercio al por mayor de productos farmacéuticos,4646,1,0,1,,4152.73
EMP003490,"UP International Education, S.L.","UP INTERNATIONAL EDUCATION, S.L.","Otras actividades profesionales, científicas y técnicas n.c.o.p.",7490,31,0,31,,127272.98
EMP001458,"Urtasun Tecnología Alimentaria, S.L.","URTASUN TECNOLOGÍA ALIMENTARIA, S.L.","Fabricación de maquinaria para la industria de la alimentación, bebidas y tabaco",2893,5,1,4,,9731.54
EMP001460,Urzainqui Correduría de Seguros,URZAINQUI CORREDURÍA DE SEGUROS,Actividades de agentes y corredores de seguros,6622,1,0,1,,2080.34
EMP001462,"UVE, S.A.",UVESA,Procesado y conservación de volatería,1012,1,1,0,,
EMP001932,"Vacío y Termoquímica de Navarra, S.L.","VACÍO Y TERMOQUÍMICA DE NAVARRA, S.L.","Fabricación de productos básicos de hierro, acero y ferroaleaciones",2410,1,0,1,,1554.21
EMP000944,"Valco Melton, S.L.U.","VALCO MELTON, S.L.U.",Fabricación de otra maquinaria de uso general n.c.o.p.,2829,11,3,8,,42847.31
EMP004708,Valeo Sensors and Switches GmbH,VALEO SENSORS AND SWITCHES GMBH,Fabricación de aparatos domésticos no eléctricos,2752,1,1,0,,
EMP004105,"Validate Network, S.L.","VALIDATE NETWORK, S.L.",Intermediarios del comercio de productos diversos,4619,8,1,7,,44445.90
EMP001471,"Vega Mayor, S.L.","VEGA MAYOR, S.L.",Otro procesado y conservación de frutas y hortalizas,1039,3,2,1,4,3587.02
EMP003043,"Vegetales Línea Verde Navarra, S.A.","VEGETALES LÍNEA VERDE NAVARRA, S.A.",Comercio al por mayor de frutas y hortalizas,4631,3,1,2,,5842.49
EMP003735,"Vicastelar Servicios, S.L.",HOTEL VILLA DE CASTEJON,Hoteles y alojamientos similares,5510,1,1,0,,1468.25
UPN000100,"Vicerrectorado de Estudiantes, Empleo","VICERRECTORADO DE ESTUDIANTES, EMPLEO",Educación universitaria,8543,3,2,1,,
EMP004853,"Vicuña Design, S.L.U.","VICUÑA DESIGN, S.L.U.",Actividades de diseño especializado,7410,1,0,1,,393.25
EMP002640,"Videcart, S.A.","VIDECART, S.A.",Fabricación de papel y cartón ondulados; fabricación Innovaacde envases y embalajes de papel y cartón,1721,1,0,1,,5231.97
EMP001483,"Viscofán, S.A.","VISCOFÁN, S.A.",Elaboración de otros productos alimenticios n.c.o.p.,1089,20,8,12,,65870.44
EMP003749,"Viveros y Jardinería Valle del Arga, S.L.","VIVEROS Y JARDINERÍA VALLE DEL ARGA, S.L.",Actividades de jardinería,8130,1,0,1,,12455.23
EMP001491,"Volkswagen Navarra, S.A.","VW VOLKSWAGEN NAVARRA, S.A.",Fabricación de vehículos de motor,2910,74,30,44,,233090.63
EMP004827,Wallwork Cambridge Ltd.,WALLWORK CAMBRIDGE LTD.,Servicios técnicos de ingeniería y otras actividades relacionadas con el asesoramiento técnico,7112,2,0,2,,
EMP000128,"Zabala Innovation Consulting, S.A.",ZABALA,"Otras actividades profesionales, científicas y técnicas n.c.o.p.",7490,7,3,4,,22342.63
EMP004799,ZCR Ecoman Iruña S.L.,ZCR ECOMAN IRUÑA S.L.,Construcción de edificios residenciales,4121,1,0,1,,10899.41
EMP004879,"Zoahorro, S.L.U.","ZOAHORRO, S.L.U.",Producción de energía eléctrica de otros tipos,3519,1,1,0,,1143.25
EMP004818,"Zorrotz Legazpi, S.L.L.","ZORROTZ LEGAZPI, S.L.L.",Fabricación de herramientas eléctricas manuales,2824,1,0,1,,393.25
EMP003486,"Zubieta Asesores, S.L.","ZUBIETA ASESORES, S.L.","Actividades de contabilidad, teneduría de libros, auditoría y asesoría fiscal",6920,1,1,0,,393.25
